SET TERMOUT ON
PROMPT Building demonstration tables.  Please wait.
SET TERMOUT OFF

INSERT INTO customers VALUES (4540,'Buckminster','Mcmahon',TO_DATE('16-02-1994', 'DD-MM-YYYY'),'01307271013','dolor.nonummy.ac@ut.net');
INSERT INTO customers VALUES (4517,'Hamilton','Bentley',TO_DATE('08-11-1931', 'DD-MM-YYYY'),'02088160875','nec@orciinconsequat.com');
INSERT INTO customers VALUES (5927,'Shana','Pena',TO_DATE('21-01-1954', 'DD-MM-YYYY'),'01125475233','enim.consequat@nunc.org');
INSERT INTO customers VALUES (8397,'Hilel','Floyd',TO_DATE('05-06-1936', 'DD-MM-YYYY'),'07624656673','mollis.Duis@mitemporlorem.ca');
INSERT INTO customers VALUES (7213,'Zahir','Preston',TO_DATE('19-09-1950', 'DD-MM-YYYY'),'07892692145','eleifend.vitae.erat@magnaPraesent.ca');
INSERT INTO customers VALUES (3351,'Yuri','Mcfarland',TO_DATE('30-06-1960', 'DD-MM-YYYY'),'07321521322','commodo@justo.net');
INSERT INTO customers VALUES (4481,'Gabriel','French',TO_DATE('28-04-1996', 'DD-MM-YYYY'),'07667645778','a.scelerisque@Pellentesqueultricies.co.uk');
INSERT INTO customers VALUES (6235,'Sawyer','Trevino',TO_DATE('05-06-1962', 'DD-MM-YYYY'),'07792327510','Nunc.quis.arcu@molestieSed.com');
INSERT INTO customers VALUES (1843,'Hayden','Owens',TO_DATE('23-10-1964', 'DD-MM-YYYY'),'07288037289','a@at.edu');
INSERT INTO customers VALUES (8367,'Dalton','Flowers',TO_DATE('13-12-1991', 'DD-MM-YYYY'),'02062063020','egestas.Aliquam@enimcommodo.edu');
INSERT INTO customers VALUES (6559,'Felix','Donovan',TO_DATE('24-02-1953', 'DD-MM-YYYY'),'07568733873','placerat.augue.Sed@Morbisit.ca');
INSERT INTO customers VALUES (9578,'Dante','Hill',TO_DATE('11-02-1956', 'DD-MM-YYYY'),'07675314610','a@metuseuerat.com');
INSERT INTO customers VALUES (1280,'Zenaida','Knowles',TO_DATE('22-08-1935', 'DD-MM-YYYY'),'02042841178','mauris.aliquam.eu@morbitristiquesenectus.co.uk');
INSERT INTO customers VALUES (6898,'Quinn','Reyes',TO_DATE('27-05-1992', 'DD-MM-YYYY'),'07433467641','et@acipsum.net');
INSERT INTO customers VALUES (9122,'Clarke','Leblanc',TO_DATE('27-07-1945', 'DD-MM-YYYY'),'01244093751','non.nisi@Loremipsumdolor.edu');
INSERT INTO customers VALUES (6908,'Noel','Madden',TO_DATE('28-10-1961', 'DD-MM-YYYY'),'07652770384','nunc.ac.mattis@bibendum.ca');
INSERT INTO customers VALUES (6629,'Quincy','Mcclure',TO_DATE('10-04-1956', 'DD-MM-YYYY'),'07704919034','natoque.penatibus.et@libero.edu');
INSERT INTO customers VALUES (6398,'Ray','Butler',TO_DATE('24-07-1960', 'DD-MM-YYYY'),'07624910918','Integer.eu@ullamcorpereueuismod.org');
INSERT INTO customers VALUES (1114,'Callie','Singleton',TO_DATE('26-07-1976', 'DD-MM-YYYY'),'02007738527','tortor.Nunc@nislQuisque.ca');
INSERT INTO customers VALUES (6238,'Aphrodite','Alexander',TO_DATE('30-11-1942', 'DD-MM-YYYY'),'01624938678','Integer@rutrum.net');
INSERT INTO customers VALUES (9378,'Velma','Lyons',TO_DATE('02-04-1943', 'DD-MM-YYYY'),'07544866992','vel@massa.com');
INSERT INTO customers VALUES (8637,'Chiquita','Blanchard',TO_DATE('16-10-1992', 'DD-MM-YYYY'),'07691987580','ornare.Fusce.mollis@iaculisnec.ca');
INSERT INTO customers VALUES (7788,'Kaden','Boyle',TO_DATE('11-05-1965', 'DD-MM-YYYY'),'07963984627','tempor@vitaealiquet.ca');
INSERT INTO customers VALUES (8401,'Linda','Simon',TO_DATE('27-02-1947', 'DD-MM-YYYY'),'01258643844','iaculis.odio@velitAliquam.org');
INSERT INTO customers VALUES (3410,'Brynn','Dodson',TO_DATE('16-08-1939', 'DD-MM-YYYY'),'07624578934','scelerisque@loremluctusut.co.uk');
INSERT INTO customers VALUES (7943,'Elaine','Juarez',TO_DATE('21-01-1990', 'DD-MM-YYYY'),'07461543546','eu.accumsan.sed@egestas.co.uk');
INSERT INTO customers VALUES (7670,'Murphy','Mcdonald',TO_DATE('30-11-1990', 'DD-MM-YYYY'),'07681089957','ac@vestibulummassarutrum.net');
INSERT INTO customers VALUES (3189,'Kenyon','Villarreal',TO_DATE('05-08-1999', 'DD-MM-YYYY'),'01715360386','faucibus.orci.luctus@quamquis.co.uk');
INSERT INTO customers VALUES (9888,'Peter','Kramer',TO_DATE('13-11-1935', 'DD-MM-YYYY'),'07624774511','convallis@ac.co.uk');
INSERT INTO customers VALUES (1998,'Reece','Manning',TO_DATE('14-10-1999', 'DD-MM-YYYY'),'07624080029','enim@parturientmontesnascetur.co.uk');
INSERT INTO customers VALUES (9468,'Jared','Wiggins',TO_DATE('03-03-1982', 'DD-MM-YYYY'),'07937472262','gravida.nunc.sed@Cum.co.uk');
INSERT INTO customers VALUES (5027,'Kermit','Dodson',TO_DATE('01-12-1952', 'DD-MM-YYYY'),'07448110452','ac.turpis.egestas@nislQuisque.ca');
INSERT INTO customers VALUES (3960,'Dennis','Holcomb',TO_DATE('11-04-1938', 'DD-MM-YYYY'),'01773900439','cursus@Sed.co.uk');
INSERT INTO customers VALUES (4985,'Wade','Franklin',TO_DATE('07-06-1984', 'DD-MM-YYYY'),'07624023181','gravida.molestie@duiCum.org');
INSERT INTO customers VALUES (4292,'Summer','Griffin',TO_DATE('04-12-1936', 'DD-MM-YYYY'),'07624650557','augue.id.ante@Suspendissesagittis.edu');
INSERT INTO customers VALUES (9010,'Thane','Saunders',TO_DATE('09-09-1965', 'DD-MM-YYYY'),'07341587207','arcu@milaciniamattis.edu');
INSERT INTO customers VALUES (3389,'Quinlan','Hebert',TO_DATE('15-07-1945', 'DD-MM-YYYY'),'02069484191','ante.Maecenas@ultricies.edu');
INSERT INTO customers VALUES (5939,'Darryl','Gay',TO_DATE('07-06-1956', 'DD-MM-YYYY'),'02056381103','scelerisque.neque@ornarelectus.ca');
INSERT INTO customers VALUES (9194,'Jin','Gonzales',TO_DATE('09-06-1936', 'DD-MM-YYYY'),'07624216562','consequat.enim@In.co.uk');
INSERT INTO customers VALUES (9028,'Kimberley','Dorsey',TO_DATE('21-10-1932', 'DD-MM-YYYY'),'01307791151','pretium.neque.Morbi@Donec.com');
INSERT INTO customers VALUES (8168,'Phelan','Britt',TO_DATE('07-07-1940', 'DD-MM-YYYY'),'07142803858','mi.Duis@quismassaMauris.net');
INSERT INTO customers VALUES (4084,'Akeem','Brewer',TO_DATE('20-08-1964', 'DD-MM-YYYY'),'01149312751','eros@ornareFuscemollis.edu');
INSERT INTO customers VALUES (4227,'Chloe','Serrano',TO_DATE('22-03-1941', 'DD-MM-YYYY'),'07644156408','posuere.cubilia@nectellus.org');
INSERT INTO customers VALUES (3111,'Noah','Harrington',TO_DATE('28-03-1970', 'DD-MM-YYYY'),'07651149929','ante@ullamcorpermagnaSed.edu');
INSERT INTO customers VALUES (8937,'Yardley','Mendez',TO_DATE('14-12-1965', 'DD-MM-YYYY'),'07759201305','Nullam@enimMauris.com');
INSERT INTO customers VALUES (4723,'Nolan','Mendez',TO_DATE('21-08-1997', 'DD-MM-YYYY'),'07465795014','molestie.in.tempus@cursusin.com');
INSERT INTO customers VALUES (5203,'Heather','Haney',TO_DATE('24-03-1965', 'DD-MM-YYYY'),'01700859081','sed@sociisnatoquepenatibus.edu');
INSERT INTO customers VALUES (5002,'Ciaran','Tillman',TO_DATE('21-11-1943', 'DD-MM-YYYY'),'07624941033','In.condimentum@urna.ca');
INSERT INTO customers VALUES (6091,'Leah','Noble',TO_DATE('12-11-1977', 'DD-MM-YYYY'),'01256247948','sagittis.felis.Donec@turpis.com');
INSERT INTO customers VALUES (6382,'August','Browning',TO_DATE('22-04-1931', 'DD-MM-YYYY'),'07109473011','malesuada@Sedpharetrafelis.co.uk');
INSERT INTO customers VALUES (2128,'Chelsea','Diaz',TO_DATE('29-10-1953', 'DD-MM-YYYY'),'07511973702','orci@ipsumSuspendisse.ca');
INSERT INTO customers VALUES (7605,'Celeste','Weaver',TO_DATE('04-10-1940', 'DD-MM-YYYY'),'07386219813','tellus.lorem@vitaesodales.net');
INSERT INTO customers VALUES (3560,'Cody','Mcmahon',TO_DATE('25-04-1994', 'DD-MM-YYYY'),'07624306292','arcu.eu@elitpellentesquea.net');
INSERT INTO customers VALUES (2270,'Blaze','Webb',TO_DATE('18-03-1952', 'DD-MM-YYYY'),'07624112421','dui@luctus.org');
INSERT INTO customers VALUES (6259,'Shay','Zamora',TO_DATE('29-08-1998', 'DD-MM-YYYY'),'07624044394','ultricies@fermentumconvallisligula.com');
INSERT INTO customers VALUES (1819,'Gage','Mckenzie',TO_DATE('08-09-1999', 'DD-MM-YYYY'),'01949250918','vulputate.lacus@Aliquam.edu');
INSERT INTO customers VALUES (1028,'Whilemina','Barton',TO_DATE('13-09-1952', 'DD-MM-YYYY'),'07928278557','sem.semper@erat.ca');
INSERT INTO customers VALUES (3667,'Declan','Crawford',TO_DATE('01-10-1954', 'DD-MM-YYYY'),'02010717205','tortor@Donecconsectetuer.net');
INSERT INTO customers VALUES (4643,'Gabriel','Ryan',TO_DATE('12-07-1986', 'DD-MM-YYYY'),'07358981311','eleifend.Cras.sed@inceptoshymenaeosMauris.co.uk');
INSERT INTO customers VALUES (3896,'Flynn','Battle',TO_DATE('22-06-1991', 'DD-MM-YYYY'),'01266726922','dui.quis@lectusa.org');
INSERT INTO customers VALUES (3113,'Shelley','Stevenson',TO_DATE('01-04-1995', 'DD-MM-YYYY'),'07624259190','a@odioAliquamvulputate.co.uk');
INSERT INTO customers VALUES (1000,'Brent','Fitzpatrick',TO_DATE('03-12-1966', 'DD-MM-YYYY'),'01485904342','iaculis.lacus@Donec.edu');
INSERT INTO customers VALUES (3449,'Maggy','Hall',TO_DATE('06-06-1960', 'DD-MM-YYYY'),'07630013481','enim.Curabitur.massa@acipsum.co.uk');
INSERT INTO customers VALUES (8489,'Seth','Richardson',TO_DATE('08-02-1999', 'DD-MM-YYYY'),'01509474293','aliquam@adipiscingelit.ca');
INSERT INTO customers VALUES (2729,'Rogan','Diaz',TO_DATE('23-06-1930', 'DD-MM-YYYY'),'07670507572','Donec.est@Nullamlobortisquam.org');
INSERT INTO customers VALUES (4106,'Deborah','Mays',TO_DATE('06-02-1950', 'DD-MM-YYYY'),'07624535849','arcu@molestietellusAenean.ca');
INSERT INTO customers VALUES (8624,'Molly','Brock',TO_DATE('30-07-1970', 'DD-MM-YYYY'),'01056845799','lacinia.Sed.congue@semper.net');
INSERT INTO customers VALUES (3772,'Montana','Petty',TO_DATE('04-02-1995', 'DD-MM-YYYY'),'02009663578','Proin.non@leoVivamusnibh.edu');
INSERT INTO customers VALUES (6497,'Maxwell','Odonnell',TO_DATE('02-05-1974', 'DD-MM-YYYY'),'07252454947','odio.Etiam.ligula@vestibulumneceuismod.edu');
INSERT INTO customers VALUES (1449,'Coby','Ewing',TO_DATE('16-10-1937', 'DD-MM-YYYY'),'07632877636','Cras.lorem.lorem@ligulaAeneaneuismod.org');
INSERT INTO customers VALUES (6671,'Charissa','Mendez',TO_DATE('25-06-1981', 'DD-MM-YYYY'),'07646994658','est@tempor.com');
INSERT INTO customers VALUES (9318,'Bevis','Mcdowell',TO_DATE('28-01-1959', 'DD-MM-YYYY'),'07565857783','diam.Pellentesque@Donec.org');
INSERT INTO customers VALUES (1057,'Kasper','Burgess',TO_DATE('15-05-1964', 'DD-MM-YYYY'),'02077391290','Nunc.commodo@maurisrhoncus.edu');
INSERT INTO customers VALUES (1008,'Lester','Randall',TO_DATE('01-04-1990', 'DD-MM-YYYY'),'07720086264','massa.rutrum.magna@Craspellentesque.org');
INSERT INTO customers VALUES (8734,'Dolan','Banks',TO_DATE('27-12-1951', 'DD-MM-YYYY'),'07168949164','semper.erat@Quisque.edu');
INSERT INTO customers VALUES (3407,'Vivien','Ortega',TO_DATE('31-08-1987', 'DD-MM-YYYY'),'07624284388','Cras@aaliquet.edu');
INSERT INTO customers VALUES (2178,'Elijah','Holland',TO_DATE('19-01-1938', 'DD-MM-YYYY'),'02077121267','risus.varius@Suspendissecommodotincidunt.edu');
INSERT INTO customers VALUES (3556,'Illiana','Rogers',TO_DATE('29-10-1973', 'DD-MM-YYYY'),'07624474179','eu.eros.Nam@Integervulputate.ca');
INSERT INTO customers VALUES (5738,'Rahim','Ochoa',TO_DATE('16-12-1939', 'DD-MM-YYYY'),'07540846256','per.conubia.nostra@et.edu');
INSERT INTO customers VALUES (5558,'India','Holland',TO_DATE('15-04-1971', 'DD-MM-YYYY'),'07959939307','tincidunt.vehicula@orci.org');
INSERT INTO customers VALUES (5351,'Flavia','Schneider',TO_DATE('22-06-1996', 'DD-MM-YYYY'),'07034762665','parturient.montes.nascetur@ligulaAenean.org');
INSERT INTO customers VALUES (5980,'Brynn','Case',TO_DATE('24-05-1935', 'DD-MM-YYYY'),'07305918610','nec.tellus.Nunc@Aliquam.org');
INSERT INTO customers VALUES (6465,'Nyssa','Craig',TO_DATE('09-05-1937', 'DD-MM-YYYY'),'07993852238','Cras.eget.nisi@sociisnatoquepenatibus.co.uk');
INSERT INTO customers VALUES (9545,'Patience','Burgess',TO_DATE('17-11-1947', 'DD-MM-YYYY'),'07055739969','in.faucibus@odioapurus.com');
INSERT INTO customers VALUES (4558,'Ivy','Livingston',TO_DATE('03-01-1938', 'DD-MM-YYYY'),'01210644564','odio@vulputate.ca');
INSERT INTO customers VALUES (3318,'Adrian','Vincent',TO_DATE('28-05-1974', 'DD-MM-YYYY'),'02097258453','Nullam.enim@ametdiam.com');
INSERT INTO customers VALUES (2701,'India','Murray',TO_DATE('27-10-1965', 'DD-MM-YYYY'),'07624615407','lobortis.mauris@miDuisrisus.org');
INSERT INTO customers VALUES (3324,'Ronan','Hurst',TO_DATE('08-07-1964', 'DD-MM-YYYY'),'07624400866','ut.aliquam.iaculis@inmagnaPhasellus.org');
INSERT INTO customers VALUES (5972,'Erin','Miles',TO_DATE('18-06-1936', 'DD-MM-YYYY'),'07993063509','eu.metus.In@egestasa.ca');
INSERT INTO customers VALUES (2572,'Kennan','Becker',TO_DATE('27-07-1951', 'DD-MM-YYYY'),'07624053704','orci.in.consequat@faucibusMorbivehicula.com');
INSERT INTO customers VALUES (7946,'Cailin','Rose',TO_DATE('15-03-1997', 'DD-MM-YYYY'),'07666400186','dictum.augue@utdolor.ca');
INSERT INTO customers VALUES (9626,'Evangeline','Bennett',TO_DATE('08-09-1979', 'DD-MM-YYYY'),'07796272243','lobortis.ultrices.Vivamus@dapibusidblandit.co.uk');
INSERT INTO customers VALUES (4988,'Clayton','Kaufman',TO_DATE('03-06-1961', 'DD-MM-YYYY'),'07315815598','eu.tempor@tortorIntegeraliquam.org');
INSERT INTO customers VALUES (3773,'Ramona','Love',TO_DATE('18-11-1942', 'DD-MM-YYYY'),'07646863683','Quisque@nonegestasa.co.uk');
INSERT INTO customers VALUES (4619,'Stuart','Holcomb',TO_DATE('16-07-1970', 'DD-MM-YYYY'),'02042307392','eu.odio.tristique@nonleoVivamus.edu');
INSERT INTO customers VALUES (9250,'Nash','Woods',TO_DATE('16-05-1932', 'DD-MM-YYYY'),'07624246986','non.ante.bibendum@vitaealiquam.ca');
INSERT INTO customers VALUES (7445,'Ayanna','Clayton',TO_DATE('16-02-1991', 'DD-MM-YYYY'),'07655092560','non.sapien.molestie@laciniaorci.co.uk');
INSERT INTO customers VALUES (9379,'Hedda','Hood',TO_DATE('16-07-1985', 'DD-MM-YYYY'),'07020716613','Duis@nonleoVivamus.ca');
INSERT INTO customers VALUES (4932,'Kiona','Waller',TO_DATE('08-11-1957', 'DD-MM-YYYY'),'07064244958','Quisque.ornare.tortor@nascetur.ca');
INSERT INTO customers VALUES (6448,'Dai','Gordon',TO_DATE('18-11-1957', 'DD-MM-YYYY'),'07711456624','eget.tincidunt@convallisdolor.com');

INSERT INTO customeraddresses VALUES (4540,736,'Facilisis Road','BG0 6BW');
INSERT INTO customeraddresses VALUES (4517,382,'Cras Road','H2 7MP');
INSERT INTO customeraddresses VALUES (5927,622,'Metus Road','N9 2HB');
INSERT INTO customeraddresses VALUES (8397,615,'Penatibus Ave','G60 2DQ');
INSERT INTO customeraddresses VALUES (7213,717,'Malesuada Av.','NH5 6AU');
INSERT INTO customeraddresses VALUES (3351,128,'Curabitur Ave','X42 5GO');
INSERT INTO customeraddresses VALUES (4481,891,'Tortor Ave','H3A 5KC');
INSERT INTO customeraddresses VALUES (6235,94,'Parturient Rd.','RI2E 8JA');
INSERT INTO customeraddresses VALUES (1843,401,'Phasellus Avenue','Z1 9FW');
INSERT INTO customeraddresses VALUES (8367,394,'Aliquet Rd.','XU7 8PN');
INSERT INTO customeraddresses VALUES (6559,752,'Vehicula Av.','RM57 1LI');
INSERT INTO customeraddresses VALUES (9578,42,'Vulputate Ave','O28 3WJ');
INSERT INTO customeraddresses VALUES (1280,231,'Nunc Avenue','ZJ9F 2RD');
INSERT INTO customeraddresses VALUES (6898,915,'Eget Avenue','H2 1FF');
INSERT INTO customeraddresses VALUES (9122,775,'Integer St.','F37 4BN');
INSERT INTO customeraddresses VALUES (6908,128,'Rhoncus Avenue','UF9 1ML');
INSERT INTO customeraddresses VALUES (6629,33,'Nuncks Ave','D8L 7GP');
INSERT INTO customeraddresses VALUES (6398,504,'Convallis Rd.','F55 1EW');
INSERT INTO customeraddresses VALUES (1114,142,'Pede St.','HU7Y 2NZ');
INSERT INTO customeraddresses VALUES (6238,56,'Fringilla Rd.','B5 9OE');
INSERT INTO customeraddresses VALUES (9378,173,'Tristique Road','X3R 5ES');
INSERT INTO customeraddresses VALUES (8637,12,'Interdum Ave','I2A 0OI');
INSERT INTO customeraddresses VALUES (7788,524,'Feugiat Avenue','C28 4DK');
INSERT INTO customeraddresses VALUES (8401,899,'Est Street','Y68 8SJ');
INSERT INTO customeraddresses VALUES (3410,683,'Facilisis Rd.','CB21 8NR');
INSERT INTO customeraddresses VALUES (7943,374,'Nunt Road','P5 9NA');
INSERT INTO customeraddresses VALUES (7670,595,'Pharetra Rd.','W4Q 4LJ');
INSERT INTO customeraddresses VALUES (3189,949,'Mauris Avenue','Z7 9PG');
INSERT INTO customeraddresses VALUES (9888,308,'Ligula Street','DT89 4GI');
INSERT INTO customeraddresses VALUES (1998,604,'Maurist Avenue','J8 8CK');
INSERT INTO customeraddresses VALUES (9468,973,'Diam St.','W09 6ME');
INSERT INTO customeraddresses VALUES (5027,782,'Ornare. Av.','QH28 1MQ');
INSERT INTO customeraddresses VALUES (3960,615,'Sed St.','YD6 2LX');
INSERT INTO customeraddresses VALUES (4985,473,'Eu St.','X1 5NX');
INSERT INTO customeraddresses VALUES (4292,777,'Ac Rd.','I28 3EM');
INSERT INTO customeraddresses VALUES (9010,782,'Lorem Street','UK6G 0VT');
INSERT INTO customeraddresses VALUES (3389,680,'Varius. Rd.','HV4O 6IJ');
INSERT INTO customeraddresses VALUES (5939,171,'Nonce Rd.','S4 5VW');
INSERT INTO customeraddresses VALUES (9194,743,'Non Av.','GF9 6QF');
INSERT INTO customeraddresses VALUES (9028,867,'Vel Street','GU6Q 4XQ');
INSERT INTO customeraddresses VALUES (8168,652,'Sed St.','D5X 8TD');
INSERT INTO customeraddresses VALUES (4084,177,'Odio Rd.','FT6 2TS');
INSERT INTO customeraddresses VALUES (4227,200,'Maurister St.','X03 9HO');
INSERT INTO customeraddresses VALUES (3111,707,'Faucibus Ave','QJ2F 6AQ');
INSERT INTO customeraddresses VALUES (8937,236,'Aliquamver Av.','N41 7JZ');
INSERT INTO customeraddresses VALUES (4723,718,'Lectus Avenue','P5P 7XO');
INSERT INTO customeraddresses VALUES (5203,249,'Gravida Rd.','EV28 0TW');
INSERT INTO customeraddresses VALUES (5002,662,'Tristiquer Avenue','D76 9SI');
INSERT INTO customeraddresses VALUES (6091,452,'Dui Ave','TK6T 5SQ');
INSERT INTO customeraddresses VALUES (6382,294,'Vulputate Road','WJ45 8GB');
INSERT INTO customeraddresses VALUES (2128,829,'Luctus St.','N2X 4BV');
INSERT INTO customeraddresses VALUES (7605,614,'Condimentum Road','D67 2QS');
INSERT INTO customeraddresses VALUES (3560,121,'Lobortis Road','G92 3TH');
INSERT INTO customeraddresses VALUES (2270,659,'Tellus Avenue','R31 2LR');
INSERT INTO customeraddresses VALUES (6259,297,'Consectetuer Street','N1X 8LZ');
INSERT INTO customeraddresses VALUES (1819,476,'Magnis Rd.','U9C 9NI');
INSERT INTO customeraddresses VALUES (1028,157,'Eget Rd.','O4 7YK');
INSERT INTO customeraddresses VALUES (3667,377,'Bibendum Road','R9 8ZA');
INSERT INTO customeraddresses VALUES (4643,539,'Elit Rd.','QJ0 5YD');
INSERT INTO customeraddresses VALUES (3896,27,'Driod St.','U7 5EK');
INSERT INTO customeraddresses VALUES (3113,173,'Peder Rd.','B3C 0JN');
INSERT INTO customeraddresses VALUES (1000,457,'Semper Street','SA1 1ZP');
INSERT INTO customeraddresses VALUES (3449,6,'In St.','YB19 7ZE');
INSERT INTO customeraddresses VALUES (8489,707,'Interdum Rd.','NZ0 5UZ');
INSERT INTO customeraddresses VALUES (2729,485,'Ultricies Av.','W5 9PL');
INSERT INTO customeraddresses VALUES (4106,651,'Natoque Road','Z45 1MH');
INSERT INTO customeraddresses VALUES (8624,525,'Libero Avenue','Y5C 5FR');
INSERT INTO customeraddresses VALUES (3772,107,'Quis Road','X8W 0PZ');
INSERT INTO customeraddresses VALUES (6497,406,'Cum St.','T0U 5TO');
INSERT INTO customeraddresses VALUES (1449,822,'Praesent Ave','Q4K 7EX');
INSERT INTO customeraddresses VALUES (6671,40,'Mauristo Street','U52 0DY');
INSERT INTO customeraddresses VALUES (9318,861,'Pellentesque Road','J78 6XL');
INSERT INTO customeraddresses VALUES (1057,64,'Libero Rd.','GC9U 4RU');
INSERT INTO customeraddresses VALUES (1008,805,'Etein Street','E5U 1HS');
INSERT INTO customeraddresses VALUES (8734,495,'Lobortisot Rd.','R1 5PG');
INSERT INTO customeraddresses VALUES (3407,883,'Nequtre Street','M9O 2NK');
INSERT INTO customeraddresses VALUES (2178,412,'Scelerisque Av.','I4O 9HV');
INSERT INTO customeraddresses VALUES (3556,593,'Metusit Ave','TG9 8QA');
INSERT INTO customeraddresses VALUES (5738,950,'Sed Rd.','SJ62 9HE');
INSERT INTO customeraddresses VALUES (5558,545,'Turpis Rd.','ML28 6KV');
INSERT INTO customeraddresses VALUES (5351,524,'Eleifend St.','M1Q 1TW');
INSERT INTO customeraddresses VALUES (5980,627,'Non Avenue','LG5 1PX');
INSERT INTO customeraddresses VALUES (6465,282,'Egetro Av.','IE05 8UR');
INSERT INTO customeraddresses VALUES (9545,490,'Arcu Road','O9 5RQ');
INSERT INTO customeraddresses VALUES (4558,481,'Acter Avenue','H5I 0VD');
INSERT INTO customeraddresses VALUES (3318,718,'Scelerisqueret St.','KH7B 8OC');
INSERT INTO customeraddresses VALUES (2701,785,'Variuso. Av.','LN8K 9EX');
INSERT INTO customeraddresses VALUES (3324,68,'Turpist St.','HD83 8IX');
INSERT INTO customeraddresses VALUES (5972,975,'Augue Rd.','E0 1WN');
INSERT INTO customeraddresses VALUES (2572,729,'Ornare Ave','SP37 5VZ');
INSERT INTO customeraddresses VALUES (7946,683,'Sagittis Av.','GA1K 5EO');
INSERT INTO customeraddresses VALUES (9626,523,'Egestas. Ave','ED74 6NU');
INSERT INTO customeraddresses VALUES (4988,959,'Interdum Road','NX10 4ZV');
INSERT INTO customeraddresses VALUES (3773,639,'Ut Avenue','VT6L 9KA');
INSERT INTO customeraddresses VALUES (4619,577,'Taciti Rd.','H2 5QH');
INSERT INTO customeraddresses VALUES (9250,758,'Euere Street','H20 9PE');
INSERT INTO customeraddresses VALUES (7445,551,'Non Rd.','IG29 2YF');
INSERT INTO customeraddresses VALUES (9379,679,'Nullam St.','LO3 1GW');
INSERT INTO customeraddresses VALUES (4932,347,'Commodo St.','PF43 0TC');
INSERT INTO customeraddresses VALUES (6448,808,'Etraper Rd.','SQ1 8FT');

INSERT INTO guests VALUES (87438,'Ila','Rivera',TO_DATE('19-07-1948', 'DD-MM-YYYY'));
INSERT INTO guests VALUES (99999,'Hamilton','Bentley',TO_DATE('08-11-1931', 'DD-MM-YYYY'));
INSERT INTO guests VALUES (99998,'Dai','Gordon',TO_DATE('18-11-1957', 'DD-MM-YYYY'));
INSERT INTO guests VALUES (99997,'Kiona','Waller',TO_DATE('08-11-1957', 'DD-MM-YYYY'));
INSERT INTO guests VALUES (99996,'Stuart','Holcomb',TO_DATE('16-07-1970', 'DD-MM-YYYY'));
INSERT INTO guests VALUES (99995,'Coby','Ewing',TO_DATE('16-10-1937', 'DD-MM-YYYY'));
INSERT INTO guests VALUES (20664,'Hall','Jenkins',TO_DATE('06-11-2000', 'DD-MM-YYYY'));
INSERT INTO guests VALUES (98522,'Craig','Hays',TO_DATE('05-03-1963', 'DD-MM-YYYY'));
INSERT INTO guests VALUES (92790,'Jorden','Coleman',TO_DATE('22-06-2017', 'DD-MM-YYYY'));
INSERT INTO guests VALUES (54850,'Jason','Barton',TO_DATE('08-10-2017', 'DD-MM-YYYY'));
INSERT INTO guests VALUES (33471,'Brett','Slater',TO_DATE('15-11-2012', 'DD-MM-YYYY'));
INSERT INTO guests VALUES (65622,'Lisandra','Jacobson',TO_DATE('17-01-2015', 'DD-MM-YYYY'));
INSERT INTO guests VALUES (20375,'Clinton','Howell',TO_DATE('26-05-1993', 'DD-MM-YYYY'));
INSERT INTO guests VALUES (61555,'Emery','Shields',TO_DATE('23-09-1978', 'DD-MM-YYYY'));
INSERT INTO guests VALUES (35320,'Richard','Mullen',TO_DATE('14-10-1994', 'DD-MM-YYYY'));
INSERT INTO guests VALUES (21457,'Paul','Smith',TO_DATE('15-05-1978', 'DD-MM-YYYY'));
INSERT INTO guests VALUES (37331,'Courtney','Macias',TO_DATE('03-10-1938', 'DD-MM-YYYY'));
INSERT INTO guests VALUES (64159,'Zena','Hart',TO_DATE('13-08-1951', 'DD-MM-YYYY'));
INSERT INTO guests VALUES (88012,'Delilah','Jones',TO_DATE('03-08-1996', 'DD-MM-YYYY'));
INSERT INTO guests VALUES (47365,'Nehru','Myers',TO_DATE('29-04-1970', 'DD-MM-YYYY'));
INSERT INTO guests VALUES (74293,'Idona','Perry',TO_DATE('31-01-1986', 'DD-MM-YYYY'));
INSERT INTO guests VALUES (70480,'Jeremy','Hodges',TO_DATE('04-09-1974', 'DD-MM-YYYY'));
INSERT INTO guests VALUES (80631,'Cooper','Mcclure',TO_DATE('22-12-2002', 'DD-MM-YYYY'));
INSERT INTO guests VALUES (40554,'Heather','Anderson',TO_DATE('28-04-1994', 'DD-MM-YYYY'));
INSERT INTO guests VALUES (32613,'Todd','Singleton',TO_DATE('12-04-1954', 'DD-MM-YYYY'));
INSERT INTO guests VALUES (29787,'Jacqueline','Cook',TO_DATE('02-10-1981', 'DD-MM-YYYY'));
INSERT INTO guests VALUES (45054,'Yuli','Rose',TO_DATE('04-03-1997', 'DD-MM-YYYY'));
INSERT INTO guests VALUES (56164,'Josephine','Bartlett',TO_DATE('12-03-1983', 'DD-MM-YYYY'));
INSERT INTO guests VALUES (28113,'Aubrey','Whitehead',TO_DATE('12-06-2015', 'DD-MM-YYYY'));
INSERT INTO guests VALUES (93748,'Cailin','Schmidt',TO_DATE('19-04-1978', 'DD-MM-YYYY'));
INSERT INTO guests VALUES (29292,'Quin','Pugh',TO_DATE('20-07-1953', 'DD-MM-YYYY'));
INSERT INTO guests VALUES (30027,'Brent','Lindsay',TO_DATE('11-11-1965', 'DD-MM-YYYY'));
INSERT INTO guests VALUES (68425,'Kibo','Ballard',TO_DATE('17-09-1960', 'DD-MM-YYYY'));
INSERT INTO guests VALUES (27495,'Gemma','Robbins',TO_DATE('16-04-1935', 'DD-MM-YYYY'));
INSERT INTO guests VALUES (99428,'Brynne','Curry',TO_DATE('17-03-1954', 'DD-MM-YYYY'));
INSERT INTO guests VALUES (39977,'Naida','Brooks',TO_DATE('13-02-1952', 'DD-MM-YYYY'));
INSERT INTO guests VALUES (83676,'Driscoll','Sims',TO_DATE('19-09-1977', 'DD-MM-YYYY'));
INSERT INTO guests VALUES (70490,'Lareina','Hunt',TO_DATE('29-10-1960', 'DD-MM-YYYY'));
INSERT INTO guests VALUES (25625,'Timon','White',TO_DATE('24-02-1934', 'DD-MM-YYYY'));
INSERT INTO guests VALUES (43637,'Vielka','Ferguson',TO_DATE('11-11-1968', 'DD-MM-YYYY'));
INSERT INTO guests VALUES (82836,'Melyssa','Wallace',TO_DATE('17-11-1955', 'DD-MM-YYYY'));
INSERT INTO guests VALUES (67220,'Chanda','Blackwell',TO_DATE('31-07-1942', 'DD-MM-YYYY'));
INSERT INTO guests VALUES (39619,'Ronan','Woodard',TO_DATE('11-10-2006', 'DD-MM-YYYY'));
INSERT INTO guests VALUES (95306,'Mary','Howe',TO_DATE('22-09-1953', 'DD-MM-YYYY'));
INSERT INTO guests VALUES (23162,'Destiny','Foley',TO_DATE('18-08-2004', 'DD-MM-YYYY'));
INSERT INTO guests VALUES (14162,'Kylie','Morrow',TO_DATE('17-03-1979', 'DD-MM-YYYY'));
INSERT INTO guests VALUES (67026,'Rachel','Frank',TO_DATE('12-04-1943', 'DD-MM-YYYY'));
INSERT INTO guests VALUES (34963,'Ima','Guy',TO_DATE('06-10-2001', 'DD-MM-YYYY'));
INSERT INTO guests VALUES (11865,'Farrah','Case',TO_DATE('25-01-2007', 'DD-MM-YYYY'));
INSERT INTO guests VALUES (18996,'Bradley','French',TO_DATE('14-09-1993', 'DD-MM-YYYY'));
INSERT INTO guests VALUES (90531,'Kiona','Glenn',TO_DATE('23-09-1998', 'DD-MM-YYYY'));
INSERT INTO guests VALUES (85150,'Felix','Johnston',TO_DATE('04-09-2016', 'DD-MM-YYYY'));
INSERT INTO guests VALUES (88478,'Chase','Valencia',TO_DATE('07-05-2000', 'DD-MM-YYYY'));
INSERT INTO guests VALUES (31413,'Tyrone','Matthews',TO_DATE('15-10-2017', 'DD-MM-YYYY'));
INSERT INTO guests VALUES (43189,'Jacob','Frank',TO_DATE('21-09-2014', 'DD-MM-YYYY'));
INSERT INTO guests VALUES (99382,'Keely','Burgess',TO_DATE('21-12-1978', 'DD-MM-YYYY'));
INSERT INTO guests VALUES (96063,'Katelyn','Joyce',TO_DATE('05-06-1937', 'DD-MM-YYYY'));
INSERT INTO guests VALUES (37126,'Emma','Tillman',TO_DATE('14-11-1986', 'DD-MM-YYYY'));
INSERT INTO guests VALUES (64402,'Shellie','Kline',TO_DATE('28-06-1945', 'DD-MM-YYYY'));
INSERT INTO guests VALUES (21735,'Brennan','Blanchard',TO_DATE('10-02-1998', 'DD-MM-YYYY'));
INSERT INTO guests VALUES (48597,'Kevyn','Stewart',TO_DATE('10-08-1985', 'DD-MM-YYYY'));
INSERT INTO guests VALUES (53297,'Reese','Ochoa',TO_DATE('16-02-1973', 'DD-MM-YYYY'));
INSERT INTO guests VALUES (11183,'Drake','Jimenez',TO_DATE('26-12-1975', 'DD-MM-YYYY'));
INSERT INTO guests VALUES (10702,'Edan','Mills',TO_DATE('27-09-2007', 'DD-MM-YYYY'));
INSERT INTO guests VALUES (92491,'Orlando','Estes',TO_DATE('10-02-1944', 'DD-MM-YYYY'));
INSERT INTO guests VALUES (57730,'Trevor','Johns',TO_DATE('18-02-2012', 'DD-MM-YYYY'));
INSERT INTO guests VALUES (82318,'Callum','Mays',TO_DATE('16-05-1983', 'DD-MM-YYYY'));
INSERT INTO guests VALUES (14796,'Ashton','Rodriquez',TO_DATE('05-07-1995', 'DD-MM-YYYY'));
INSERT INTO guests VALUES (29099,'Erasmus','Manning',TO_DATE('06-05-1979', 'DD-MM-YYYY'));
INSERT INTO guests VALUES (55770,'Mariko','Vega',TO_DATE('17-07-1946', 'DD-MM-YYYY'));
INSERT INTO guests VALUES (56241,'Ivana','Walters',TO_DATE('11-07-1999', 'DD-MM-YYYY'));
INSERT INTO guests VALUES (55021,'Leroy','Stokes',TO_DATE('14-05-1935', 'DD-MM-YYYY'));
INSERT INTO guests VALUES (41106,'Bree','Santos',TO_DATE('28-07-1970', 'DD-MM-YYYY'));
INSERT INTO guests VALUES (76473,'Wang','Delaney',TO_DATE('19-07-1978', 'DD-MM-YYYY'));
INSERT INTO guests VALUES (52443,'Libby','Hancock',TO_DATE('28-09-2002', 'DD-MM-YYYY'));
INSERT INTO guests VALUES (26447,'Lacey','Maxwell',TO_DATE('24-01-1988', 'DD-MM-YYYY'));
INSERT INTO guests VALUES (21665,'Gregory','Porter',TO_DATE('30-07-1936', 'DD-MM-YYYY'));
INSERT INTO guests VALUES (50797,'Cara','Harper',TO_DATE('22-10-1964', 'DD-MM-YYYY'));
INSERT INTO guests VALUES (44063,'May','Dunn',TO_DATE('27-10-1983', 'DD-MM-YYYY'));
INSERT INTO guests VALUES (64150,'Dawn','Adkins',TO_DATE('19-06-1943', 'DD-MM-YYYY'));
INSERT INTO guests VALUES (40210,'Eden','Powell',TO_DATE('21-09-1967', 'DD-MM-YYYY'));
INSERT INTO guests VALUES (82965,'Gretchen','Espinoza',TO_DATE('16-07-1955', 'DD-MM-YYYY'));
INSERT INTO guests VALUES (48100,'Neve','Aguilar',TO_DATE('01-10-1979', 'DD-MM-YYYY'));
INSERT INTO guests VALUES (45712,'Iris','Barrera',TO_DATE('10-03-2014', 'DD-MM-YYYY'));
INSERT INTO guests VALUES (34025,'Wilma','Schmidt',TO_DATE('18-11-1981', 'DD-MM-YYYY'));
INSERT INTO guests VALUES (99120,'Urielle','Ross',TO_DATE('02-07-1941', 'DD-MM-YYYY'));
INSERT INTO guests VALUES (60416,'Beatrice','Mendez',TO_DATE('02-03-2003', 'DD-MM-YYYY'));
INSERT INTO guests VALUES (55582,'Renee','May',TO_DATE('13-05-1999', 'DD-MM-YYYY'));
INSERT INTO guests VALUES (48130,'Reagan','Ryan',TO_DATE('17-05-1959', 'DD-MM-YYYY'));
INSERT INTO guests VALUES (87796,'Callum','Dorsey',TO_DATE('15-12-2010', 'DD-MM-YYYY'));
INSERT INTO guests VALUES (79811,'Jesse','Mcknight',TO_DATE('07-12-1999', 'DD-MM-YYYY'));
INSERT INTO guests VALUES (36582,'Britanney','Wyatt',TO_DATE('13-09-1993', 'DD-MM-YYYY'));
INSERT INTO guests VALUES (19231,'Kylynn','Finch',TO_DATE('26-12-1976', 'DD-MM-YYYY'));
INSERT INTO guests VALUES (98390,'Kenneth','Cooke',TO_DATE('08-02-1985', 'DD-MM-YYYY'));
INSERT INTO guests VALUES (80245,'Baker','Pugh',TO_DATE('02-01-1993', 'DD-MM-YYYY'));
INSERT INTO guests VALUES (61045,'Ian','Mann',TO_DATE('02-07-1992', 'DD-MM-YYYY'));
INSERT INTO guests VALUES (43707,'Elizabeth','Lara',TO_DATE('28-05-1969', 'DD-MM-YYYY'));
INSERT INTO guests VALUES (87594,'Cathleen','Cameron',TO_DATE('11-04-1963', 'DD-MM-YYYY'));
INSERT INTO guests VALUES (43561,'Brynne','Vasquez',TO_DATE('18-10-2004', 'DD-MM-YYYY'));
INSERT INTO guests VALUES (12663,'Jamal','Cross',TO_DATE('30-07-2011', 'DD-MM-YYYY'));
INSERT INTO guests VALUES (19837,'Kirby','Goodwin',TO_DATE('14-08-2002', 'DD-MM-YYYY'));
INSERT INTO guests VALUES (38651,'Sawyer','Stephens',TO_DATE('20-03-1977', 'DD-MM-YYYY'));
INSERT INTO guests VALUES (65447,'Zelda','Joseph',TO_DATE('16-04-1944', 'DD-MM-YYYY'));
INSERT INTO guests VALUES (12789,'Hiram','Glass',TO_DATE('07-04-1944', 'DD-MM-YYYY'));
INSERT INTO guests VALUES (79930,'Coby','Rollins',TO_DATE('07-11-2008', 'DD-MM-YYYY'));
INSERT INTO guests VALUES (93919,'Odessa','Snider',TO_DATE('30-11-2012', 'DD-MM-YYYY'));
INSERT INTO guests VALUES (85057,'Audra','Brennan',TO_DATE('28-09-1934', 'DD-MM-YYYY'));
INSERT INTO guests VALUES (54350,'Lucian','Green',TO_DATE('11-08-1960', 'DD-MM-YYYY'));
INSERT INTO guests VALUES (17634,'Isaiah','Cote',TO_DATE('23-04-1938', 'DD-MM-YYYY'));
INSERT INTO guests VALUES (50566,'Ivory','Curtis',TO_DATE('18-08-1952', 'DD-MM-YYYY'));
INSERT INTO guests VALUES (23374,'Slade','Burgess',TO_DATE('18-09-1951', 'DD-MM-YYYY'));
INSERT INTO guests VALUES (81210,'Lev','Soto',TO_DATE('14-06-1986', 'DD-MM-YYYY'));
INSERT INTO guests VALUES (21936,'Dai','Duran',TO_DATE('17-09-1934', 'DD-MM-YYYY'));
INSERT INTO guests VALUES (13057,'Aphrodite','Wilkins',TO_DATE('09-07-1996', 'DD-MM-YYYY'));
INSERT INTO guests VALUES (94962,'Ivy','Farmer',TO_DATE('04-02-2001', 'DD-MM-YYYY'));
INSERT INTO guests VALUES (29499,'Cheryl','Watkins',TO_DATE('01-07-1990', 'DD-MM-YYYY'));
INSERT INTO guests VALUES (45920,'Reagan','Solis',TO_DATE('12-11-1985', 'DD-MM-YYYY'));
INSERT INTO guests VALUES (86118,'Daryl','Espinoza',TO_DATE('22-12-2011', 'DD-MM-YYYY'));
INSERT INTO guests VALUES (18271,'Sylvester','Fowler',TO_DATE('25-07-1933', 'DD-MM-YYYY'));
INSERT INTO guests VALUES (10597,'Leila','Thomas',TO_DATE('21-08-1986', 'DD-MM-YYYY'));
INSERT INTO guests VALUES (97016,'Harper','Pope',TO_DATE('14-12-2006', 'DD-MM-YYYY'));
INSERT INTO guests VALUES (12194,'Maite','Compton',TO_DATE('17-11-1966', 'DD-MM-YYYY'));
INSERT INTO guests VALUES (42960,'Graham','Delgado',TO_DATE('22-11-1935', 'DD-MM-YYYY'));
INSERT INTO guests VALUES (73374,'Hall','Carlson',TO_DATE('13-07-1991', 'DD-MM-YYYY'));
INSERT INTO guests VALUES (67181,'Rafael','Garner',TO_DATE('02-09-1948', 'DD-MM-YYYY'));
INSERT INTO guests VALUES (18222,'Brennan','Donovan',TO_DATE('21-10-2013', 'DD-MM-YYYY'));
INSERT INTO guests VALUES (66013,'Martin','Zimmerman',TO_DATE('13-04-1990', 'DD-MM-YYYY'));
INSERT INTO guests VALUES (59196,'Montana','York',TO_DATE('02-10-1949', 'DD-MM-YYYY'));
INSERT INTO guests VALUES (74197,'Rigel','Kemp',TO_DATE('20-05-1991', 'DD-MM-YYYY'));
INSERT INTO guests VALUES (82649,'Sade','Montoya',TO_DATE('04-12-1951', 'DD-MM-YYYY'));
INSERT INTO guests VALUES (94764,'Demetrius','Vance',TO_DATE('27-05-2017', 'DD-MM-YYYY'));
INSERT INTO guests VALUES (92429,'Lyle','Zamora',TO_DATE('12-04-2010', 'DD-MM-YYYY'));
INSERT INTO guests VALUES (26529,'Bianca','Duran',TO_DATE('01-12-1967', 'DD-MM-YYYY'));
INSERT INTO guests VALUES (28427,'Kelly','Sparks',TO_DATE('15-04-1975', 'DD-MM-YYYY'));
INSERT INTO guests VALUES (69299,'Colin','Webb',TO_DATE('02-05-1938', 'DD-MM-YYYY'));
INSERT INTO guests VALUES (49298,'Ross','Mcintosh',TO_DATE('01-07-1981', 'DD-MM-YYYY'));
INSERT INTO guests VALUES (14376,'Sierra','Pratt',TO_DATE('27-09-2010', 'DD-MM-YYYY'));
INSERT INTO guests VALUES (12565,'Kyle','Rasmussen',TO_DATE('02-04-1978', 'DD-MM-YYYY'));
INSERT INTO guests VALUES (23697,'Unity','Joyner',TO_DATE('22-09-1934', 'DD-MM-YYYY'));
INSERT INTO guests VALUES (78086,'Basil','Pittman',TO_DATE('26-03-2001', 'DD-MM-YYYY'));
INSERT INTO guests VALUES (50578,'Cheyenne','Church',TO_DATE('21-02-2017', 'DD-MM-YYYY'));
INSERT INTO guests VALUES (92868,'Kay','Hale',TO_DATE('06-12-1990', 'DD-MM-YYYY'));
INSERT INTO guests VALUES (81538,'Odessa','Baldwin',TO_DATE('19-10-1996', 'DD-MM-YYYY'));
INSERT INTO guests VALUES (29406,'Brendan','Huffman',TO_DATE('13-05-1936', 'DD-MM-YYYY'));
INSERT INTO guests VALUES (70448,'Aline','Barber',TO_DATE('06-08-1931', 'DD-MM-YYYY'));
INSERT INTO guests VALUES (84855,'Wendy','Walters',TO_DATE('17-08-1994', 'DD-MM-YYYY'));
INSERT INTO guests VALUES (87704,'Zeus','Pratt',TO_DATE('25-11-1998', 'DD-MM-YYYY'));
INSERT INTO guests VALUES (53386,'Kenyon','Cantu',TO_DATE('06-09-2011', 'DD-MM-YYYY'));
INSERT INTO guests VALUES (26857,'Perry','Valdez',TO_DATE('27-05-1934', 'DD-MM-YYYY'));
INSERT INTO guests VALUES (92654,'Gil','Porter',TO_DATE('18-09-1985', 'DD-MM-YYYY'));
INSERT INTO guests VALUES (35604,'Shannon','Gardner',TO_DATE('12-04-2014', 'DD-MM-YYYY'));
INSERT INTO guests VALUES (11828,'Lars','Ratliff',TO_DATE('28-02-1993', 'DD-MM-YYYY'));
INSERT INTO guests VALUES (78469,'Unity','Savage',TO_DATE('30-03-1960', 'DD-MM-YYYY'));
INSERT INTO guests VALUES (59106,'Lance','Beck',TO_DATE('11-10-1976', 'DD-MM-YYYY'));
INSERT INTO guests VALUES (66016,'Alan','Jefferson',TO_DATE('22-05-1968', 'DD-MM-YYYY'));

INSERT INTO roomprices VALUES ('Excellent', 50.00);
INSERT INTO roomprices VALUES ('Deluxe', 100.00);
INSERT INTO roomprices VALUES ('Magnificent', 200.00);

INSERT INTO rooms VALUES (245,'Excellent',2);
INSERT INTO rooms VALUES (868,'Deluxe',8);
INSERT INTO rooms VALUES (931,'Deluxe',9);
INSERT INTO rooms VALUES (785,'Magnificent',7);
INSERT INTO rooms VALUES (831,'Excellent',8);
INSERT INTO rooms VALUES (317,'Excellent',3);
INSERT INTO rooms VALUES (004,'Deluxe',0);
INSERT INTO rooms VALUES (178,'Deluxe',1);
INSERT INTO rooms VALUES (479,'Excellent',4);
INSERT INTO rooms VALUES (007,'Deluxe',0);
INSERT INTO rooms VALUES (398,'Magnificent',3);
INSERT INTO rooms VALUES (683,'Magnificent',6);
INSERT INTO rooms VALUES (393,'Magnificent',3);
INSERT INTO rooms VALUES (590,'Magnificent',5);
INSERT INTO rooms VALUES (081,'Excellent',0);
INSERT INTO rooms VALUES (006,'Magnificent',0);
INSERT INTO rooms VALUES (001,'Excellent',0);
INSERT INTO rooms VALUES (182,'Deluxe',1);
INSERT INTO rooms VALUES (819,'Deluxe',8);
INSERT INTO rooms VALUES (624,'Magnificent',6);
INSERT INTO rooms VALUES (963,'Excellent',9);
INSERT INTO rooms VALUES (147,'Excellent',1);
INSERT INTO rooms VALUES (806,'Excellent',8);
INSERT INTO rooms VALUES (916,'Excellent',9);
INSERT INTO rooms VALUES (166,'Magnificent',1);
INSERT INTO rooms VALUES (489,'Deluxe',4);
INSERT INTO rooms VALUES (525,'Excellent',5);
INSERT INTO rooms VALUES (822,'Magnificent',8);
INSERT INTO rooms VALUES (572,'Excellent',5);
INSERT INTO rooms VALUES (487,'Magnificent',4);
INSERT INTO rooms VALUES (011,'Magnificent',0);
INSERT INTO rooms VALUES (616,'Deluxe',6);
INSERT INTO rooms VALUES (617,'Magnificent',6);
INSERT INTO rooms VALUES (274,'Excellent',2);
INSERT INTO rooms VALUES (279,'Deluxe',2);
INSERT INTO rooms VALUES (522,'Deluxe',5);
INSERT INTO rooms VALUES (336,'Excellent',3);
INSERT INTO rooms VALUES (589,'Magnificent',5);
INSERT INTO rooms VALUES (786,'Deluxe',7);
INSERT INTO rooms VALUES (753,'Deluxe',7);
INSERT INTO rooms VALUES (519,'Magnificent',5);
INSERT INTO rooms VALUES (380,'Excellent',3);
INSERT INTO rooms VALUES (425,'Excellent',4);
INSERT INTO rooms VALUES (154,'Magnificent',1);
INSERT INTO rooms VALUES (002,'Deluxe',0);
INSERT INTO rooms VALUES (375,'Magnificent',3);
INSERT INTO rooms VALUES (234,'Deluxe',2);
INSERT INTO rooms VALUES (063,'Deluxe',0);
INSERT INTO rooms VALUES (288,'Deluxe',2);
INSERT INTO rooms VALUES (619,'Magnificent',6);
INSERT INTO rooms VALUES (225,'Deluxe',2);
INSERT INTO rooms VALUES (280,'Magnificent',2);
INSERT INTO rooms VALUES (856,'Excellent',8);
INSERT INTO rooms VALUES (693,'Excellent',6);
INSERT INTO rooms VALUES (003,'Excellent',0);
INSERT INTO rooms VALUES (105,'Deluxe',1);
INSERT INTO rooms VALUES (493,'Deluxe',4);
INSERT INTO rooms VALUES (432,'Deluxe',4);
INSERT INTO rooms VALUES (808,'Deluxe',8);
INSERT INTO rooms VALUES (243,'Magnificent',2);
INSERT INTO rooms VALUES (426,'Excellent',4);
INSERT INTO rooms VALUES (163,'Magnificent',1);
INSERT INTO rooms VALUES (128,'Deluxe',1);
INSERT INTO rooms VALUES (959,'Deluxe',9);
INSERT INTO rooms VALUES (469,'Deluxe',4);
INSERT INTO rooms VALUES (823,'Deluxe',8);
INSERT INTO rooms VALUES (418,'Deluxe',4);
INSERT INTO rooms VALUES (044,'Excellent',0);
INSERT INTO rooms VALUES (860,'Deluxe',8);
INSERT INTO rooms VALUES (756,'Deluxe',7);
INSERT INTO rooms VALUES (995,'Magnificent',9);
INSERT INTO rooms VALUES (576,'Excellent',5);
INSERT INTO rooms VALUES (818,'Deluxe',8);
INSERT INTO rooms VALUES (162,'Magnificent',1);
INSERT INTO rooms VALUES (092,'Excellent',0);
INSERT INTO rooms VALUES (656,'Magnificent',6);
INSERT INTO rooms VALUES (878,'Deluxe',8);
INSERT INTO rooms VALUES (035,'Deluxe',0);
INSERT INTO rooms VALUES (917,'Deluxe',9);
INSERT INTO rooms VALUES (247,'Deluxe',2);
INSERT INTO rooms VALUES (728,'Deluxe',7);
INSERT INTO rooms VALUES (867,'Deluxe',8);
INSERT INTO rooms VALUES (091,'Excellent',0);
INSERT INTO rooms VALUES (273,'Deluxe',2);
INSERT INTO rooms VALUES (851,'Magnificent',8);
INSERT INTO rooms VALUES (556,'Deluxe',5);
INSERT INTO rooms VALUES (152,'Excellent',1);
INSERT INTO rooms VALUES (389,'Excellent',3);
INSERT INTO rooms VALUES (327,'Excellent',3);
INSERT INTO rooms VALUES (984,'Excellent',9);
INSERT INTO rooms VALUES (701,'Deluxe',7);
INSERT INTO rooms VALUES (637,'Magnificent',6);
INSERT INTO rooms VALUES (005,'Excellent',0);
INSERT INTO rooms VALUES (597,'Magnificent',5);
INSERT INTO rooms VALUES (530,'Magnificent',5);
INSERT INTO rooms VALUES (675,'Deluxe',6);
INSERT INTO rooms VALUES (372,'Excellent',3);
INSERT INTO rooms VALUES (805,'Magnificent',8);
INSERT INTO rooms VALUES (892,'Magnificent',8);
INSERT INTO rooms VALUES (203,'Deluxe',2);

INSERT INTO rooms VALUES (702,'Deluxe',7);
INSERT INTO rooms VALUES (638,'Magnificent',6);
INSERT INTO rooms VALUES (008,'Excellent',0);
INSERT INTO rooms VALUES (598,'Magnificent',5);
INSERT INTO rooms VALUES (531,'Magnificent',5);
INSERT INTO rooms VALUES (676,'Deluxe',6);
INSERT INTO rooms VALUES (373,'Excellent',3);
INSERT INTO rooms VALUES (807,'Magnificent',8);
INSERT INTO rooms VALUES (893,'Magnificent',8);
INSERT INTO rooms VALUES (204,'Deluxe',2);

INSERT INTO bookings VALUES (722045,5927,TO_DATE('01-08-2018', 'DD-MM-YYYY'),10,500.00);
INSERT INTO bookings VALUES (837574,8397,TO_DATE('03-08-2018', 'DD-MM-YYYY'),8,800.00);
INSERT INTO bookings VALUES (965217,7213,TO_DATE('29-03-2018', 'DD-MM-YYYY'),23,2300.00);
INSERT INTO bookings VALUES (351302,3351,TO_DATE('24-06-2018', 'DD-MM-YYYY'),15,3000.00);
INSERT INTO bookings VALUES (214130,4481,TO_DATE('02-09-2018', 'DD-MM-YYYY'),15,750.00);
INSERT INTO bookings VALUES (172714,6235,TO_DATE('31-07-2018', 'DD-MM-YYYY'),10,500.00);
INSERT INTO bookings VALUES (897901,1843,TO_DATE('05-06-2018', 'DD-MM-YYYY'),7,700.00);
INSERT INTO bookings VALUES (381337,8367,TO_DATE('19-03-2018', 'DD-MM-YYYY'),9,900.00);
INSERT INTO bookings VALUES (522132,6559,TO_DATE('04-07-2018', 'DD-MM-YYYY'),14,700.00);
INSERT INTO bookings VALUES (999747,9578,TO_DATE('07-06-2018', 'DD-MM-YYYY'),13,1300.00);
INSERT INTO bookings VALUES (534817,1280,TO_DATE('08-09-2018', 'DD-MM-YYYY'),24,4800.00);
INSERT INTO bookings VALUES (642119,6908,TO_DATE('17-05-2018', 'DD-MM-YYYY'),2,400.00);
INSERT INTO bookings VALUES (635121,9378,TO_DATE('28-08-2018', 'DD-MM-YYYY'),23,4600.00);
INSERT INTO bookings VALUES (830542,8637,TO_DATE('09-07-2018', 'DD-MM-YYYY'),9,1800.00);
INSERT INTO bookings VALUES (980414,8401,TO_DATE('19-08-2018', 'DD-MM-YYYY'),17,850.00);
INSERT INTO bookings VALUES (719715,7788,TO_DATE('21-07-2018', 'DD-MM-YYYY'),25,5000.00);
INSERT INTO bookings VALUES (196225,3410,TO_DATE('28-04-2018', 'DD-MM-YYYY'),7,350.00);
INSERT INTO bookings VALUES (490354,7943,TO_DATE('12-09-2018', 'DD-MM-YYYY'),21,2100.00);
INSERT INTO bookings VALUES (818741,7670,TO_DATE('31-03-2018', 'DD-MM-YYYY'),23,2300.00);
INSERT INTO bookings VALUES (830518,3189,TO_DATE('18-03-2018', 'DD-MM-YYYY'),22,4400.00);
INSERT INTO bookings VALUES (791370,9888,TO_DATE('08-08-2018', 'DD-MM-YYYY'),28,1400.00);
INSERT INTO bookings VALUES (661240,1998,TO_DATE('11-04-2018', 'DD-MM-YYYY'),7,350.00);
INSERT INTO bookings VALUES (881562,9468,TO_DATE('24-04-2018', 'DD-MM-YYYY'),5,250.00);
INSERT INTO bookings VALUES (537908,5027,TO_DATE('29-08-2018', 'DD-MM-YYYY'),4,200.00);
INSERT INTO bookings VALUES (863175,3960,TO_DATE('11-08-2018', 'DD-MM-YYYY'),1,200.00);
INSERT INTO bookings VALUES (451048,4985,TO_DATE('11-08-2018', 'DD-MM-YYYY'),16,3200.00);
INSERT INTO bookings VALUES (334458,4292,TO_DATE('04-06-2018', 'DD-MM-YYYY'),16,1600.00);
INSERT INTO bookings VALUES (110973,9010,TO_DATE('06-09-2018', 'DD-MM-YYYY'),18,7200.00);
INSERT INTO bookings VALUES (229016,3389,TO_DATE('11-07-2018', 'DD-MM-YYYY'),15,1500.00);
INSERT INTO bookings VALUES (369787,5939,TO_DATE('12-09-2018', 'DD-MM-YYYY'),6,2400.00);
INSERT INTO bookings VALUES (925565,9194,TO_DATE('12-07-2018', 'DD-MM-YYYY'),3,1200.00);
INSERT INTO bookings VALUES (414095,9028,TO_DATE('21-07-2018', 'DD-MM-YYYY'),9,1800.00);
INSERT INTO bookings VALUES (566025,8168,TO_DATE('19-07-2018', 'DD-MM-YYYY'),7,2800.00);
INSERT INTO bookings VALUES (971860,4084,TO_DATE('05-09-2018', 'DD-MM-YYYY'),4,400.00);
INSERT INTO bookings VALUES (274302,4227,TO_DATE('21-07-2018', 'DD-MM-YYYY'),19,3800.00);
INSERT INTO bookings VALUES (510423,3111,TO_DATE('13-09-2018', 'DD-MM-YYYY'),25,5000.00);
INSERT INTO bookings VALUES (749166,8937,TO_DATE('21-05-2018', 'DD-MM-YYYY'),20,2000.00);
INSERT INTO bookings VALUES (292437,4723,TO_DATE('06-07-2018', 'DD-MM-YYYY'),11,4400.00);
INSERT INTO bookings VALUES (611622,5203,TO_DATE('18-07-2018', 'DD-MM-YYYY'),3,600.00);
INSERT INTO bookings VALUES (695557,5002,TO_DATE('29-03-2018', 'DD-MM-YYYY'),22,4400.00);
INSERT INTO bookings VALUES (977942,6091,TO_DATE('05-05-2018', 'DD-MM-YYYY'),13,5200.00);
INSERT INTO bookings VALUES (987481,6382,TO_DATE('17-05-2018', 'DD-MM-YYYY'),25,2500.00);
INSERT INTO bookings VALUES (916080,2128,TO_DATE('27-05-2018', 'DD-MM-YYYY'),2,200.00);
INSERT INTO bookings VALUES (331788,7605,TO_DATE('21-08-2018', 'DD-MM-YYYY'),24,9600.00);
INSERT INTO bookings VALUES (518800,3560,TO_DATE('23-05-2018', 'DD-MM-YYYY'),17,3400.00);
INSERT INTO bookings VALUES (394323,2270,TO_DATE('14-05-2018', 'DD-MM-YYYY'),13,5200.00);
INSERT INTO bookings VALUES (992031,6259,TO_DATE('15-07-2018', 'DD-MM-YYYY'),6,1200.00);
INSERT INTO bookings VALUES (891789,1819,TO_DATE('23-03-2018', 'DD-MM-YYYY'),20,4000.00);
INSERT INTO bookings VALUES (131334,1028,TO_DATE('03-05-2018', 'DD-MM-YYYY'),10,2000.00);
INSERT INTO bookings VALUES (585854,3667,TO_DATE('15-06-2018', 'DD-MM-YYYY'),20,8000.00);
INSERT INTO bookings VALUES (371268,4643,TO_DATE('21-04-2018', 'DD-MM-YYYY'),8,1200.00);
INSERT INTO bookings VALUES (465421,3896,TO_DATE('04-07-2018', 'DD-MM-YYYY'),9,3600.00);
INSERT INTO bookings VALUES (500062,3113,TO_DATE('26-08-2018', 'DD-MM-YYYY'),27,4050.00);
INSERT INTO bookings VALUES (327292,1000,TO_DATE('06-06-2018', 'DD-MM-YYYY'),3,450.00);
INSERT INTO bookings VALUES (195168,3449,TO_DATE('13-08-2018', 'DD-MM-YYYY'),21,3150.00);
INSERT INTO bookings VALUES (452781,8489,TO_DATE('12-07-2018', 'DD-MM-YYYY'),13,2600.00);
INSERT INTO bookings VALUES (530031,2729,TO_DATE('30-04-2018', 'DD-MM-YYYY'),27,5400.00);
INSERT INTO bookings VALUES (112569,4106,TO_DATE('27-03-2018', 'DD-MM-YYYY'),9,1350.00);
INSERT INTO bookings VALUES (783094,8624,TO_DATE('24-07-2018', 'DD-MM-YYYY'),1,200.00);
INSERT INTO bookings VALUES (307417,3772,TO_DATE('03-06-2018', 'DD-MM-YYYY'),27,8100.00);
INSERT INTO bookings VALUES (616599,6497,TO_DATE('07-05-2018', 'DD-MM-YYYY'),3,2400.00);
INSERT INTO bookings VALUES (453951,6671,TO_DATE('24-08-2018', 'DD-MM-YYYY'),28,19600.00);
INSERT INTO bookings VALUES (243880,9318,TO_DATE('22-08-2018', 'DD-MM-YYYY'),15,6000.00);
INSERT INTO bookings VALUES (687922,1057,TO_DATE('30-04-2018', 'DD-MM-YYYY'),20,20000.00);
INSERT INTO bookings VALUES (872550,1008,TO_DATE('05-07-2018', 'DD-MM-YYYY'),23,21550.00);
INSERT INTO bookings VALUES (241140,1449,TO_DATE('17-07-2018', 'DD-MM-YYYY'),26,20800.00);
INSERT INTO bookings VALUES (756398,4619,TO_DATE('10-08-2018', 'DD-MM-YYYY'),22,8800.00);
INSERT INTO bookings VALUES (904061,4932,TO_DATE('19-08-2018', 'DD-MM-YYYY'),5,3500.00);
INSERT INTO bookings VALUES (130453,6448,TO_DATE('03-09-2018', 'DD-MM-YYYY'),22,16400.00);
INSERT INTO bookings VALUES (652021,4517,TO_DATE('27-07-2018', 'DD-MM-YYYY'),18,9000.00);

INSERT INTO roombookings VALUES (722045,245,500.00);
INSERT INTO roombookings VALUES (837574,868,800.00);
INSERT INTO roombookings VALUES (965217,931,2300.00);
INSERT INTO roombookings VALUES (351302,785,3000.00);
INSERT INTO roombookings VALUES (214130,831,750.00);
INSERT INTO roombookings VALUES (172714,317,500.00);
INSERT INTO roombookings VALUES (897901,004,700.00);
INSERT INTO roombookings VALUES (381337,178,900.00);
INSERT INTO roombookings VALUES (522132,479,700.00);
INSERT INTO roombookings VALUES (999747,007,1300.00);
INSERT INTO roombookings VALUES (534817,398,4800.00);
INSERT INTO roombookings VALUES (642119,683,400.00);
INSERT INTO roombookings VALUES (635121,393,4600.00);
INSERT INTO roombookings VALUES (830542,590,1800.00);
INSERT INTO roombookings VALUES (980414,081,850.00);
INSERT INTO roombookings VALUES (719715,006,5000.00);
INSERT INTO roombookings VALUES (196225,001,350.00);
INSERT INTO roombookings VALUES (490354,182,2100.00);
INSERT INTO roombookings VALUES (818741,819,2300.00);
INSERT INTO roombookings VALUES (830518,624,4400.00);
INSERT INTO roombookings VALUES (791370,963,1400.00);
INSERT INTO roombookings VALUES (661240,147,350.00);
INSERT INTO roombookings VALUES (881562,806,250.00);
INSERT INTO roombookings VALUES (537908,916,200.00);
INSERT INTO roombookings VALUES (863175,166,200.00);

INSERT INTO roombookings VALUES (451048,489,3200.00);
INSERT INTO roombookings VALUES (334458,525,1600.00);
INSERT INTO roombookings VALUES (110973,822,7200.00);
INSERT INTO roombookings VALUES (229016,572,1500.00);
INSERT INTO roombookings VALUES (369787,487,2400.00);
INSERT INTO roombookings VALUES (925565,011,1200.00);
INSERT INTO roombookings VALUES (414095,616,1800.00);
INSERT INTO roombookings VALUES (566025,617,2800.00);
INSERT INTO roombookings VALUES (971860,274,400.00);
INSERT INTO roombookings VALUES (274302,279,3800.00);
INSERT INTO roombookings VALUES (510423,522,5000.00);
INSERT INTO roombookings VALUES (749166,336,2000.00);
INSERT INTO roombookings VALUES (292437,589,4400.00);
INSERT INTO roombookings VALUES (611622,786,600.00);
INSERT INTO roombookings VALUES (695557,753,4400.00);
INSERT INTO roombookings VALUES (977942,519,5200.00);
INSERT INTO roombookings VALUES (987481,380,2500.00);
INSERT INTO roombookings VALUES (916080,425,200.00);
INSERT INTO roombookings VALUES (331788,154,9600.00);
INSERT INTO roombookings VALUES (518800,002,3400.00);
INSERT INTO roombookings VALUES (394323,375,5200.00);
INSERT INTO roombookings VALUES (992031,234,1200.00);
INSERT INTO roombookings VALUES (891789,063,4000.00);
INSERT INTO roombookings VALUES (131334,288,2000.00);
INSERT INTO roombookings VALUES (585854,619,8000.00);


INSERT INTO roombookings VALUES (371268,225,800.00);
INSERT INTO roombookings VALUES (465421,280,1800.00);
INSERT INTO roombookings VALUES (500062,856,1350.00);
INSERT INTO roombookings VALUES (327292,693,150.00);
INSERT INTO roombookings VALUES (195168,003,1050.00);
INSERT INTO roombookings VALUES (452781,105,1300.00);
INSERT INTO roombookings VALUES (530031,493,2700.00);
INSERT INTO roombookings VALUES (112569,432,900.00);
INSERT INTO roombookings VALUES (783094,808,100.00);
INSERT INTO roombookings VALUES (307417,243,5400.00);
INSERT INTO roombookings VALUES (371268,426,400.00);
INSERT INTO roombookings VALUES (465421,163,1800.00);
INSERT INTO roombookings VALUES (500062,128,2700.00);
INSERT INTO roombookings VALUES (327292,959,300.00);
INSERT INTO roombookings VALUES (195168,469,2100.00);
INSERT INTO roombookings VALUES (452781,823,1300.00);
INSERT INTO roombookings VALUES (530031,418,2700.00);
INSERT INTO roombookings VALUES (112569,044,450.00);
INSERT INTO roombookings VALUES (783094,860,100.00);
INSERT INTO roombookings VALUES (307417,756,2700.00);


INSERT INTO roombookings VALUES (616599,995,1200.00);
INSERT INTO roombookings VALUES (453951,576,2800.00);
INSERT INTO roombookings VALUES (243880,818,3000.00);
INSERT INTO roombookings VALUES (687922,162,8000.00);
INSERT INTO roombookings VALUES (872550,092,1150.00);
INSERT INTO roombookings VALUES (241140,656,10400.00);
INSERT INTO roombookings VALUES (756398,878,4400.00);
INSERT INTO roombookings VALUES (904061,035,1000.00);
INSERT INTO roombookings VALUES (130453,917,4400.00);
INSERT INTO roombookings VALUES (652021,247,3600.00);

INSERT INTO roombookings VALUES (616599,728,600.00);
INSERT INTO roombookings VALUES (453951,867,5600.00);
INSERT INTO roombookings VALUES (243880,091,1500.00);
INSERT INTO roombookings VALUES (687922,273,4000.00);
INSERT INTO roombookings VALUES (872550,851,10200.00);
INSERT INTO roombookings VALUES (241140,556,5200.00);
INSERT INTO roombookings VALUES (756398,152,2200.00);
INSERT INTO roombookings VALUES (904061,389,500.00);
INSERT INTO roombookings VALUES (130453,327,2200.00);
INSERT INTO roombookings VALUES (652021,984,1800.00);

INSERT INTO roombookings VALUES (616599,701,600.00);
INSERT INTO roombookings VALUES (453951,637,11200.00);
INSERT INTO roombookings VALUES (243880,005,1500.00);
INSERT INTO roombookings VALUES (687922,597,8000.00);
INSERT INTO roombookings VALUES (872550,530,10200.00);
INSERT INTO roombookings VALUES (241140,675,5200.00);
INSERT INTO roombookings VALUES (756398,372,2200.00);
INSERT INTO roombookings VALUES (904061,805,2000.00);
INSERT INTO roombookings VALUES (130453,892,9800.00);
INSERT INTO roombookings VALUES (652021,203,3600.00);

INSERT INTO guestrooms VALUES (722045,245,87438);
INSERT INTO guestrooms VALUES (837574,868,20664);
INSERT INTO guestrooms VALUES (965217,931,98522);
INSERT INTO guestrooms VALUES (351302,785,92790);
INSERT INTO guestrooms VALUES (214130,831,54850);
INSERT INTO guestrooms VALUES (172714,317,33471);
INSERT INTO guestrooms VALUES (897901,004,65622);
INSERT INTO guestrooms VALUES (381337,178,20375);
INSERT INTO guestrooms VALUES (522132,479,61555);
INSERT INTO guestrooms VALUES (999747,007,35320);
INSERT INTO guestrooms VALUES (534817,398,21457);
INSERT INTO guestrooms VALUES (642119,683,37331);
INSERT INTO guestrooms VALUES (635121,393,64159);
INSERT INTO guestrooms VALUES (830542,590,88012);
INSERT INTO guestrooms VALUES (980414,081,47365);
INSERT INTO guestrooms VALUES (719715,006,74293);
INSERT INTO guestrooms VALUES (196225,001,70480);
INSERT INTO guestrooms VALUES (490354,182,80631);
INSERT INTO guestrooms VALUES (818741,819,40554);
INSERT INTO guestrooms VALUES (830518,624,32613);
INSERT INTO guestrooms VALUES (791370,963,29787);
INSERT INTO guestrooms VALUES (661240,147,45054);
INSERT INTO guestrooms VALUES (881562,806,56164);
INSERT INTO guestrooms VALUES (537908,916,28113);
INSERT INTO guestrooms VALUES (863175,166,93748);

INSERT INTO guestrooms VALUES (451048,489,29292);
INSERT INTO guestrooms VALUES (334458,525,30027);
INSERT INTO guestrooms VALUES (110973,822,68425);
INSERT INTO guestrooms VALUES (229016,572,27495);
INSERT INTO guestrooms VALUES (369787,487,99428);
INSERT INTO guestrooms VALUES (925565,011,39977);
INSERT INTO guestrooms VALUES (414095,616,83676);
INSERT INTO guestrooms VALUES (566025,617,70490);
INSERT INTO guestrooms VALUES (971860,274,25625);
INSERT INTO guestrooms VALUES (274302,279,43637);
INSERT INTO guestrooms VALUES (510423,522,82836);
INSERT INTO guestrooms VALUES (749166,336,67220);
INSERT INTO guestrooms VALUES (292437,589,39619);
INSERT INTO guestrooms VALUES (611622,786,95306);
INSERT INTO guestrooms VALUES (695557,753,23162);
INSERT INTO guestrooms VALUES (977942,519,14162);
INSERT INTO guestrooms VALUES (987481,380,67026);
INSERT INTO guestrooms VALUES (916080,425,34963);
INSERT INTO guestrooms VALUES (331788,154,11865);
INSERT INTO guestrooms VALUES (518800,002,18996);
INSERT INTO guestrooms VALUES (394323,375,90531);
INSERT INTO guestrooms VALUES (992031,234,85150);
INSERT INTO guestrooms VALUES (891789,063,88478);
INSERT INTO guestrooms VALUES (131334,288,31413);
INSERT INTO guestrooms VALUES (585854,619,43189);
INSERT INTO guestrooms VALUES (451048,489,99382);
INSERT INTO guestrooms VALUES (334458,525,96063);
INSERT INTO guestrooms VALUES (110973,822,37126);
INSERT INTO guestrooms VALUES (229016,572,64402);
INSERT INTO guestrooms VALUES (369787,487,21735);
INSERT INTO guestrooms VALUES (925565,011,48597);
INSERT INTO guestrooms VALUES (414095,616,53297);
INSERT INTO guestrooms VALUES (566025,617,11183);
INSERT INTO guestrooms VALUES (971860,274,10702);
INSERT INTO guestrooms VALUES (274302,279,92491);
INSERT INTO guestrooms VALUES (510423,522,57730);
INSERT INTO guestrooms VALUES (749166,336,82318);
INSERT INTO guestrooms VALUES (292437,589,14796);
INSERT INTO guestrooms VALUES (611622,786,29099);
INSERT INTO guestrooms VALUES (695557,753,55770);
INSERT INTO guestrooms VALUES (977942,519,56241);
INSERT INTO guestrooms VALUES (987481,380,55021);
INSERT INTO guestrooms VALUES (916080,425,41106);
INSERT INTO guestrooms VALUES (331788,154,76473);
INSERT INTO guestrooms VALUES (518800,002,52443);
INSERT INTO guestrooms VALUES (394323,375,26447);
INSERT INTO guestrooms VALUES (992031,234,21665);
INSERT INTO guestrooms VALUES (891789,063,50797);
INSERT INTO guestrooms VALUES (131334,288,44063);
INSERT INTO guestrooms VALUES (585854,619,64150);


INSERT INTO guestrooms VALUES (371268,225,40210);
INSERT INTO guestrooms VALUES (465421,280,82965);
INSERT INTO guestrooms VALUES (500062,856,48100);
INSERT INTO guestrooms VALUES (327292,693,45712);
INSERT INTO guestrooms VALUES (195168,003,34025);
INSERT INTO guestrooms VALUES (452781,105,99120);
INSERT INTO guestrooms VALUES (530031,493,60416);
INSERT INTO guestrooms VALUES (112569,432,55582);
INSERT INTO guestrooms VALUES (783094,808,48130);
INSERT INTO guestrooms VALUES (307417,243,87796);
INSERT INTO guestrooms VALUES (371268,426,79811);
INSERT INTO guestrooms VALUES (465421,163,36582);
INSERT INTO guestrooms VALUES (500062,128,19231);
INSERT INTO guestrooms VALUES (327292,959,98390);
INSERT INTO guestrooms VALUES (195168,469,80245);
INSERT INTO guestrooms VALUES (452781,823,61045);
INSERT INTO guestrooms VALUES (530031,418,43707);
INSERT INTO guestrooms VALUES (112569,044,87594);
INSERT INTO guestrooms VALUES (783094,860,43561);
INSERT INTO guestrooms VALUES (307417,756,12663);


INSERT INTO guestrooms VALUES (616599,995,19837);
INSERT INTO guestrooms VALUES (453951,576,38651);
INSERT INTO guestrooms VALUES (243880,818,65447);
INSERT INTO guestrooms VALUES (687922,162,12789);
INSERT INTO guestrooms VALUES (872550,092,79930);
INSERT INTO guestrooms VALUES (241140,656,93919);
INSERT INTO guestrooms VALUES (756398,878,85057);
INSERT INTO guestrooms VALUES (904061,035,54350);
INSERT INTO guestrooms VALUES (130453,917,17634);
INSERT INTO guestrooms VALUES (652021,247,50566);
INSERT INTO guestrooms VALUES (616599,995,23374);
INSERT INTO guestrooms VALUES (453951,576,81210);
INSERT INTO guestrooms VALUES (243880,818,21936);
INSERT INTO guestrooms VALUES (687922,162,13057);
INSERT INTO guestrooms VALUES (872550,092,94962);
INSERT INTO guestrooms VALUES (241140,656,29499);
INSERT INTO guestrooms VALUES (756398,878,45920);
INSERT INTO guestrooms VALUES (904061,035,86118);
INSERT INTO guestrooms VALUES (130453,917,18271);
INSERT INTO guestrooms VALUES (652021,247,10597);

INSERT INTO guestrooms VALUES (616599,728,97016);
INSERT INTO guestrooms VALUES (453951,867,12194);
INSERT INTO guestrooms VALUES (243880,091,42960);
INSERT INTO guestrooms VALUES (687922,273,73374);
INSERT INTO guestrooms VALUES (872550,851,67181);
INSERT INTO guestrooms VALUES (241140,556,18222);
INSERT INTO guestrooms VALUES (756398,152,66013);
INSERT INTO guestrooms VALUES (904061,389,59196);
INSERT INTO guestrooms VALUES (130453,327,74197);
INSERT INTO guestrooms VALUES (652021,984,82649);
INSERT INTO guestrooms VALUES (616599,728,94764);
INSERT INTO guestrooms VALUES (453951,867,92429);
INSERT INTO guestrooms VALUES (243880,091,26529);
INSERT INTO guestrooms VALUES (687922,273,28427);
INSERT INTO guestrooms VALUES (872550,851,69299);
INSERT INTO guestrooms VALUES (241140,556,49298);
INSERT INTO guestrooms VALUES (756398,152,14376);
INSERT INTO guestrooms VALUES (904061,389,12565);
INSERT INTO guestrooms VALUES (130453,327,23697);
INSERT INTO guestrooms VALUES (652021,984,78086);

INSERT INTO guestrooms VALUES (616599,701,50578);
INSERT INTO guestrooms VALUES (453951,637,92868);
INSERT INTO guestrooms VALUES (243880,005,81538);
INSERT INTO guestrooms VALUES (687922,597,29406);
INSERT INTO guestrooms VALUES (872550,530,70448);
INSERT INTO guestrooms VALUES (241140,675,84855);
INSERT INTO guestrooms VALUES (756398,372,87704);
INSERT INTO guestrooms VALUES (904061,805,53386);
INSERT INTO guestrooms VALUES (130453,892,26857);
INSERT INTO guestrooms VALUES (652021,203,92654);
INSERT INTO guestrooms VALUES (616599,701,35604);
INSERT INTO guestrooms VALUES (453951,637,11828);
INSERT INTO guestrooms VALUES (243880,005,78469);
INSERT INTO guestrooms VALUES (687922,597,59106);
INSERT INTO guestrooms VALUES (872550,530,66016);
INSERT INTO guestrooms VALUES (241140,675,99995);
INSERT INTO guestrooms VALUES (756398,372,99996);
INSERT INTO guestrooms VALUES (904061,805,99997);
INSERT INTO guestrooms VALUES (130453,892,99998);
INSERT INTO guestrooms VALUES (652021,203,99999);

COMMIT;

SET TERMOUT ON
PROMPT Demonstration table build is complete.
